Year;NameOnly.abs;NameOnly.rel;Bib.Ref.abs;Bib.Ref.rel;Bib.Soft.abs;Bib.Soft.rel;Agent.abs;Agent.rel;URL.abs;URL.rel;PID.abs;PID.rel;Ver.abs;Ver.rel
2016,4,0.15384615384615385,7,0.2692307692307692,11,0.4230769230769231,12,0.46153846153846156,16,0.6153846153846154,0,0,NaN,NaN
2017,2,0.18181818181818182,5,0.45454545454545453,2,0.18181818181818182,3,0.2727272727272727,4,0.36363636363636365,0,0,NaN,NaN
2018,3,0.11538461538461539,14,0.5384615384615384,6,0.23076923076923078,3,0.11538461538461539,12,0.46153846153846156,0,0,NaN,NaN
2019,4,0.18181818181818182,9,0.4090909090909091,3,0.13636363636363635,5,0.22727272727272727,14,0.6363636363636364,0,0,NaN,NaN
2020,5,0.20833333333333334,9,0.375,3,0.125,3,0.125,14,0.5833333333333334,0,0,NaN,NaN