Year;NameOnly.abs;NameOnly.rel;Bib.Ref.abs;Bib.Ref.rel;Bib.Soft.abs;Bib.Soft.rel;Agent.abs;Agent.rel;URL.abs;URL.rel;PID.abs;PID.rel;Ver.abs;Ver.rel
2016,8,0.16666666666666666,16,0.3333333333333333,21,0.4375,24,0.5,29,0.6041666666666666,0,0,2,0.041666666666666664
2017,6,0.2857142857142857,10,0.47619047619047616,4,0.19047619047619047,9,0.42857142857142855,10,0.47619047619047616,0,0,1,0.047619047619047616
2018,11,0.23404255319148937,22,0.46808510638297873,8,0.1702127659574468,16,0.3404255319148936,23,0.48936170212765956,1,0.02127659574468085,5,0.10638297872340426
2019,10,0.24390243902439024,15,0.36585365853658536,4,0.0975609756097561,14,0.34146341463414637,24,0.5853658536585366,1,0.024390243902439025,5,0.12195121951219512
2020,7,0.16666666666666666,15,0.35714285714285715,5,0.11904761904761904,13,0.30952380952380953,27,0.6428571428571429,2,0.047619047619047616,5,0.11904761904761904